x,y,lon,lat,date,t,num_obs
-800000.0,-2000000.0,-21.80140948635181,70.61502206702765,2020-03-05,18326.0,1006
-600000.0,-2000000.0,-16.69924423399362,71.21490181341639,2020-03-05,18326.0,1402
-800000.0,-1800000.0,-23.962488974578186,72.28859019771264,2020-03-05,18326.0,1485
-600000.0,-1800000.0,-18.43494882292201,72.94495644858142,2020-03-05,18326.0,2827
-400000.0,-1800000.0,-12.528807709151511,73.42917183935587,2020-03-05,18326.0,3646
-200000.0,-1800000.0,-6.34019174590991,73.72640073397518,2020-03-05,18326.0,1550
-800000.0,-1600000.0,-26.56505117707799,73.92751631849924,2020-03-05,18326.0,1261
-600000.0,-1600000.0,-20.556045219583467,74.65156473683712,2020-03-05,18326.0,4864
-400000.0,-1600000.0,-14.036243467926479,75.1898122307519,2020-03-05,18326.0,7407
-200000.0,-1600000.0,-7.125016348901798,75.52212302086315,2020-03-05,18326.0,7342
0.0,-1600000.0,0.0,75.6345612354388,2020-03-05,18326.0,1751
-2400000.0,-1400000.0,-59.743562836470744,64.90875897352933,2020-03-05,18326.0,1030
-2200000.0,-1400000.0,-57.52880770915151,66.4757495709774,2020-03-05,18326.0,2057
-2000000.0,-1400000.0,-55.00797980144134,67.99744594706644,2020-03-05,18326.0,2129
-600000.0,-1400000.0,-23.19859051364819,76.32815281340307,2020-03-05,18326.0,4049
-400000.0,-1400000.0,-15.945395900922858,76.93363481286877,2020-03-05,18326.0,11090
-200000.0,-1400000.0,-8.13010235415598,77.31051225902662,2020-03-05,18326.0,13194
0.0,-1400000.0,0.0,77.43860483666694,2020-03-05,18326.0,8276
200000.0,-1400000.0,8.13010235415598,77.31051225902662,2020-03-05,18326.0,1131
400000.0,-1400000.0,15.945395900922858,76.93363481286877,2020-03-05,18326.0,2028
600000.0,-1400000.0,23.19859051364819,76.32815281340307,2020-03-05,18326.0,3387
800000.0,-1400000.0,29.74488129694223,75.52212302086315,2020-03-05,18326.0,4629
1000000.0,-1400000.0,35.53767779197438,74.54610847993946,2020-03-05,18326.0,2381
-2400000.0,-1200000.0,-63.43494882292201,65.78279781501003,2020-03-05,18326.0,1349
-2200000.0,-1200000.0,-61.38954033403478,67.4063530959323,2020-03-05,18326.0,3353
-2000000.0,-1200000.0,-59.03624346792648,68.99148024388145,2020-03-05,18326.0,4140
-1800000.0,-1200000.0,-56.309932474020215,70.53077330955618,2020-03-05,18326.0,2400
-1600000.0,-1200000.0,-53.13010235415598,72.01437798526035,2020-03-05,18326.0,1193
-600000.0,-1200000.0,-26.56505117707799,77.96436180211718,2020-03-05,18326.0,1857
-400000.0,-1200000.0,-18.43494882292201,78.65520333101239,2020-03-05,18326.0,9737
-200000.0,-1200000.0,-9.462322208025617,79.09037227849467,2020-03-05,18326.0,22766
0.0,-1200000.0,0.0,79.23928552188053,2020-03-05,18326.0,26242
200000.0,-1200000.0,9.462322208025617,79.09037227849467,2020-03-05,18326.0,18010
400000.0,-1200000.0,18.43494882292201,78.65520333101239,2020-03-05,18326.0,10554
600000.0,-1200000.0,26.56505117707799,77.96436180211718,2020-03-05,18326.0,8499
800000.0,-1200000.0,33.690067525979785,77.05806334840771,2020-03-05,18326.0,10065
1000000.0,-1200000.0,39.80557109226519,75.97716069048091,2020-03-05,18326.0,6217
1200000.0,-1200000.0,45.0,74.7577315870858,2020-03-05,18326.0,1961
-2200000.0,-1000000.0,-65.55604521958347,68.22301578214471,2020-03-05,18326.0,3051
-2000000.0,-1000000.0,-63.43494882292201,69.86894542225777,2020-03-05,18326.0,5343
-1800000.0,-1000000.0,-60.94539590092286,71.47770177062357,2020-03-05,18326.0,5656
-1600000.0,-1000000.0,-57.9946167919165,73.04072783724196,2020-03-05,18326.0,3273
-1400000.0,-1000000.0,-54.46232220802562,74.54610847993946,2020-03-05,18326.0,1270
-400000.0,-1000000.0,-21.80140948635181,80.34495146707818,2020-03-05,18326.0,7571
-200000.0,-1000000.0,-11.309932474020215,80.85919208300484,2020-03-05,18326.0,24463
0.0,-1000000.0,0.0,81.03709620810902,2020-03-05,18326.0,31595
200000.0,-1000000.0,11.309932474020215,80.85919208300484,2020-03-05,18326.0,30940
400000.0,-1000000.0,21.80140948635181,80.34495146707818,2020-03-05,18326.0,27048
600000.0,-1000000.0,30.96375653207352,79.54339018880059,2020-03-05,18326.0,25822
800000.0,-1000000.0,38.659808254090095,78.51376036973971,2020-03-05,18326.0,20398
1000000.0,-1000000.0,45.0,77.31051225902662,2020-03-05,18326.0,13228
1200000.0,-1000000.0,50.19442890773481,75.97716069048091,2020-03-05,18326.0,4574
1400000.0,-1000000.0,54.46232220802562,74.54610847993946,2020-03-05,18326.0,1139
1600000.0,-1000000.0,57.9946167919165,73.04072783724196,2020-03-05,18326.0,2795
1800000.0,-1000000.0,60.94539590092286,71.47770177062357,2020-03-05,18326.0,2684
2000000.0,-1000000.0,63.43494882292201,69.86894542225777,2020-03-05,18326.0,1092
-2200000.0,-800000.0,-70.01689347810003,68.9134369074772,2020-03-05,18326.0,2166
-2000000.0,-800000.0,-68.19859051364818,70.61502206702765,2020-03-05,18326.0,5698
-1800000.0,-800000.0,-66.03751102542182,72.28859019771264,2020-03-05,18326.0,7042
-1600000.0,-800000.0,-63.43494882292201,73.92751631849924,2020-03-05,18326.0,6202
-1400000.0,-800000.0,-60.25511870305777,75.52212302086315,2020-03-05,18326.0,2196
-400000.0,-800000.0,-26.56505117707799,81.98510420485553,2020-03-05,18326.0,3913
-200000.0,-800000.0,-14.036243467926479,82.61160901024734,2020-03-05,18326.0,18587
0.0,-800000.0,0.0,82.83252397586953,2020-03-05,18326.0,32090
200000.0,-800000.0,14.036243467926479,82.61160901024734,2020-03-05,18326.0,34348
400000.0,-800000.0,26.56505117707799,81.98510420485553,2020-03-05,18326.0,34290
600000.0,-800000.0,36.86989764584402,81.03709620810902,2020-03-05,18326.0,28885
800000.0,-800000.0,45.0,79.85649537502296,2020-03-05,18326.0,27002
1000000.0,-800000.0,51.34019174590991,78.51376036973971,2020-03-05,18326.0,18050
1200000.0,-800000.0,56.309932474020215,77.05806334840771,2020-03-05,18326.0,11477
1400000.0,-800000.0,60.25511870305777,75.52212302086315,2020-03-05,18326.0,4713
1600000.0,-800000.0,63.43494882292201,73.92751631849924,2020-03-05,18326.0,6461
1800000.0,-800000.0,66.03751102542182,72.28859019771264,2020-03-05,18326.0,4817
2000000.0,-800000.0,68.19859051364818,70.61502206702765,2020-03-05,18326.0,1711
-2800000.0,-600000.0,-77.9052429229879,64.12639183610374,2020-03-05,18326.0,1336
-2600000.0,-600000.0,-77.0053832080835,65.91989288480002,2020-03-05,18326.0,2536
-2400000.0,-600000.0,-75.96375653207353,67.70004806623305,2020-03-05,18326.0,2235
-2200000.0,-600000.0,-74.74488129694222,69.46566514284893,2020-03-05,18326.0,1045
-2000000.0,-600000.0,-73.30075576600639,71.21490181341639,2020-03-05,18326.0,3734
-1800000.0,-600000.0,-71.56505117707799,72.94495644858142,2020-03-05,18326.0,8036
-1600000.0,-600000.0,-69.44395478041653,74.65156473683712,2020-03-05,18326.0,8073
-1400000.0,-600000.0,-66.80140948635182,76.32815281340307,2020-03-05,18326.0,4300
-1200000.0,-600000.0,-63.43494882292201,77.96436180211718,2020-03-05,18326.0,1483
-800000.0,-600000.0,-53.13010235415598,81.03709620810902,2020-03-05,18326.0,1221
-600000.0,-600000.0,-45.0,82.397073069655,2020-03-05,18326.0,5227
-400000.0,-600000.0,-33.690067525979785,83.54017881952873,2020-03-05,18326.0,11711
-200000.0,-600000.0,-18.43494882292201,84.33511094211977,2020-03-05,18326.0,19071
0.0,-600000.0,0.0,84.62605109816462,2020-03-05,18326.0,24282
200000.0,-600000.0,18.43494882292201,84.33511094211977,2020-03-05,18326.0,23447
400000.0,-600000.0,33.690067525979785,83.54017881952873,2020-03-05,18326.0,30579
600000.0,-600000.0,45.0,82.397073069655,2020-03-05,18326.0,25499
800000.0,-600000.0,53.13010235415598,81.03709620810902,2020-03-05,18326.0,31594
1000000.0,-600000.0,59.03624346792648,79.54339018880059,2020-03-05,18326.0,28908
1200000.0,-600000.0,63.43494882292201,77.96436180211718,2020-03-05,18326.0,21302
1400000.0,-600000.0,66.80140948635182,76.32815281340307,2020-03-05,18326.0,10919
1600000.0,-600000.0,69.44395478041653,74.65156473683712,2020-03-05,18326.0,9505
1800000.0,-600000.0,71.56505117707799,72.94495644858142,2020-03-05,18326.0,5923
2000000.0,-600000.0,73.30075576600639,71.21490181341639,2020-03-05,18326.0,1240
-2800000.0,-400000.0,-81.86989764584403,64.44967471965828,2020-03-05,18326.0,1395
-2600000.0,-400000.0,-81.2538377374448,66.26587277224371,2020-03-05,18326.0,2520
-2400000.0,-400000.0,-80.53767779197439,68.07239165044936,2020-03-05,18326.0,2309
-2000000.0,-400000.0,-78.69006752597979,71.65491318614758,2020-03-05,18326.0,1228
-1800000.0,-400000.0,-77.47119229084849,73.42917183935587,2020-03-05,18326.0,5263
-1600000.0,-400000.0,-75.96375653207353,75.1898122307519,2020-03-05,18326.0,5520
-1400000.0,-400000.0,-74.05460409907715,76.93363481286877,2020-03-05,18326.0,4266
-1200000.0,-400000.0,-71.56505117707799,78.65520333101239,2020-03-05,18326.0,1420
-800000.0,-400000.0,-63.43494882292201,81.98510420485553,2020-03-05,18326.0,5421
-600000.0,-400000.0,-56.309932474020215,83.54017881952873,2020-03-05,18326.0,15649
-400000.0,-400000.0,-45.0,84.9336155357855,2020-03-05,18326.0,30255
-200000.0,-400000.0,-26.56505117707799,85.99520043322497,2020-03-05,18326.0,44749
0.0,-400000.0,0.0,86.4181560383501,2020-03-05,18326.0,46235
200000.0,-400000.0,26.56505117707799,85.99520043322497,2020-03-05,18326.0,42759
400000.0,-400000.0,45.0,84.9336155357855,2020-03-05,18326.0,31203
600000.0,-400000.0,56.309932474020215,83.54017881952873,2020-03-05,18326.0,26239
800000.0,-400000.0,63.43494882292201,81.98510420485553,2020-03-05,18326.0,32886
1000000.0,-400000.0,68.19859051364818,80.34495146707818,2020-03-05,18326.0,39362
1200000.0,-400000.0,71.56505117707799,78.65520333101239,2020-03-05,18326.0,32465
1400000.0,-400000.0,74.05460409907715,76.93363481286877,2020-03-05,18326.0,18032
1600000.0,-400000.0,75.96375653207353,75.1898122307519,2020-03-05,18326.0,10574
1800000.0,-400000.0,77.47119229084849,73.42917183935587,2020-03-05,18326.0,4335
-2600000.0,-200000.0,-85.60129464500447,66.4757495709774,2020-03-05,18326.0,1208
-2400000.0,-200000.0,-85.23635830927383,68.29869930652082,2020-03-05,18326.0,1804
-2200000.0,-200000.0,-84.8055710922652,70.11466068315791,2020-03-05,18326.0,1621
-2000000.0,-200000.0,-84.28940686250036,71.92386591281547,2020-03-05,18326.0,2075
-1800000.0,-200000.0,-83.6598082540901,73.72640073397518,2020-03-05,18326.0,2315
-1600000.0,-200000.0,-82.8749836510982,75.52212302086315,2020-03-05,18326.0,3340
-1400000.0,-200000.0,-81.86989764584403,77.31051225902662,2020-03-05,18326.0,1550
-1200000.0,-200000.0,-80.53767779197439,79.09037227849467,2020-03-05,18326.0,1130
-1000000.0,-200000.0,-78.69006752597979,80.85919208300484,2020-03-05,18326.0,2590
-800000.0,-200000.0,-75.96375653207353,82.61160901024734,2020-03-05,18326.0,13434
-600000.0,-200000.0,-71.56505117707799,84.33511094211977,2020-03-05,18326.0,30646
-400000.0,-200000.0,-63.43494882292201,85.99520043322497,2020-03-05,18326.0,54878
-200000.0,-200000.0,-45.0,87.46747675182161,2020-03-05,18326.0,57872
0.0,-200000.0,0.0,88.20931442355077,2020-03-05,18326.0,51208
200000.0,-200000.0,45.0,87.46747675182161,2020-03-05,18326.0,46936
400000.0,-200000.0,63.43494882292201,85.99520043322497,2020-03-05,18326.0,44718
600000.0,-200000.0,71.56505117707799,84.33511094211977,2020-03-05,18326.0,29156
800000.0,-200000.0,75.96375653207353,82.61160901024734,2020-03-05,18326.0,36909
1000000.0,-200000.0,78.69006752597979,80.85919208300484,2020-03-05,18326.0,45276
1200000.0,-200000.0,80.53767779197439,79.09037227849467,2020-03-05,18326.0,43549
1400000.0,-200000.0,81.86989764584403,77.31051225902662,2020-03-05,18326.0,29588
1600000.0,-200000.0,82.8749836510982,75.52212302086315,2020-03-05,18326.0,14642
1800000.0,-200000.0,83.6598082540901,73.72640073397518,2020-03-05,18326.0,3616
-2400000.0,0.0,-90.0,68.37463394072095,2020-03-05,18326.0,1329
-2200000.0,0.0,-90.0,70.19721347781848,2020-03-05,18326.0,2412
-2000000.0,0.0,-90.0,72.01437798526035,2020-03-05,18326.0,2368
-1800000.0,0.0,-90.0,73.82665489745003,2020-03-05,18326.0,1599
-1600000.0,0.0,-90.0,75.6345612354388,2020-03-05,18326.0,1537
-1400000.0,0.0,-90.0,77.43860483666694,2020-03-05,18326.0,2693
-1200000.0,0.0,-90.0,79.23928552188053,2020-03-05,18326.0,6466
-1000000.0,0.0,-90.0,81.03709620810902,2020-03-05,18326.0,16352
-800000.0,0.0,-90.0,82.83252397586953,2020-03-05,18326.0,25023
-600000.0,0.0,-90.0,84.62605109816462,2020-03-05,18326.0,36685
-400000.0,0.0,-90.0,86.4181560383501,2020-03-05,18326.0,60300
-200000.0,0.0,-90.0,88.20931442355077,2020-03-05,18326.0,63264
0.0,0.0,0.0,90.0,2020-03-05,18326.0,66744
200000.0,0.0,90.0,88.20931442355077,2020-03-05,18326.0,45963
400000.0,0.0,90.0,86.4181560383501,2020-03-05,18326.0,44363
600000.0,0.0,90.0,84.62605109816462,2020-03-05,18326.0,30272
800000.0,0.0,90.0,82.83252397586953,2020-03-05,18326.0,30768
1000000.0,0.0,90.0,81.03709620810902,2020-03-05,18326.0,33736
1200000.0,0.0,90.0,79.23928552188053,2020-03-05,18326.0,35175
1400000.0,0.0,90.0,77.43860483666694,2020-03-05,18326.0,24381
1600000.0,0.0,90.0,75.6345612354388,2020-03-05,18326.0,13304
1800000.0,0.0,90.0,73.82665489745003,2020-03-05,18326.0,2524
-2400000.0,200000.0,-94.76364169072617,68.29869930652082,2020-03-05,18326.0,1280
-2200000.0,200000.0,-95.1944289077348,70.11466068315791,2020-03-05,18326.0,3940
-2000000.0,200000.0,-95.71059313749964,71.92386591281547,2020-03-05,18326.0,5151
-1800000.0,200000.0,-96.3401917459099,73.72640073397518,2020-03-05,18326.0,4509
-1600000.0,200000.0,-97.1250163489018,75.52212302086315,2020-03-05,18326.0,4395
-1400000.0,200000.0,-98.13010235415598,77.31051225902662,2020-03-05,18326.0,5081
-1200000.0,200000.0,-99.46232220802563,79.09037227849467,2020-03-05,18326.0,22304
-1000000.0,200000.0,-101.30993247402021,80.85919208300484,2020-03-05,18326.0,35330
-800000.0,200000.0,-104.03624346792648,82.61160901024734,2020-03-05,18326.0,40008
-600000.0,200000.0,-108.43494882292202,84.33511094211977,2020-03-05,18326.0,34968
-400000.0,200000.0,-116.56505117707799,85.99520043322497,2020-03-05,18326.0,55573
-200000.0,200000.0,-135.0,87.46747675182161,2020-03-05,18326.0,58560
0.0,200000.0,180.0,88.20931442355077,2020-03-05,18326.0,52938
200000.0,200000.0,135.0,87.46747675182161,2020-03-05,18326.0,44880
400000.0,200000.0,116.56505117707799,85.99520043322497,2020-03-05,18326.0,40855
600000.0,200000.0,108.43494882292202,84.33511094211977,2020-03-05,18326.0,24975
800000.0,200000.0,104.03624346792648,82.61160901024734,2020-03-05,18326.0,26572
1000000.0,200000.0,101.30993247402021,80.85919208300484,2020-03-05,18326.0,26835
1200000.0,200000.0,99.46232220802563,79.09037227849467,2020-03-05,18326.0,24695
1400000.0,200000.0,98.13010235415598,77.31051225902662,2020-03-05,18326.0,14057
1600000.0,200000.0,97.1250163489018,75.52212302086315,2020-03-05,18326.0,6775
-2200000.0,400000.0,-100.30484646876603,69.86894542225778,2020-03-05,18326.0,2578
-2000000.0,400000.0,-101.30993247402021,71.65491318614758,2020-03-05,18326.0,3977
-1800000.0,400000.0,-102.52880770915152,73.42917183935587,2020-03-05,18326.0,6052
-1600000.0,400000.0,-104.03624346792648,75.1898122307519,2020-03-05,18326.0,6663
-1400000.0,400000.0,-105.94539590092286,76.93363481286877,2020-03-05,18326.0,7478
-1200000.0,400000.0,-108.43494882292202,78.65520333101239,2020-03-05,18326.0,28369
-1000000.0,400000.0,-111.80140948635182,80.34495146707818,2020-03-05,18326.0,51621
-800000.0,400000.0,-116.56505117707799,81.98510420485553,2020-03-05,18326.0,58179
-600000.0,400000.0,-123.69006752597979,83.54017881952873,2020-03-05,18326.0,40541
-400000.0,400000.0,-135.0,84.9336155357855,2020-03-05,18326.0,37201
-200000.0,400000.0,-153.434948822922,85.99520043322497,2020-03-05,18326.0,50474
0.0,400000.0,180.0,86.4181560383501,2020-03-05,18326.0,47535
200000.0,400000.0,153.434948822922,85.99520043322497,2020-03-05,18326.0,38552
400000.0,400000.0,135.0,84.9336155357855,2020-03-05,18326.0,25758
600000.0,400000.0,123.69006752597979,83.54017881952873,2020-03-05,18326.0,27913
800000.0,400000.0,116.56505117707799,81.98510420485553,2020-03-05,18326.0,41385
1000000.0,400000.0,111.80140948635182,80.34495146707818,2020-03-05,18326.0,37296
1200000.0,400000.0,108.43494882292202,78.65520333101239,2020-03-05,18326.0,17810
1400000.0,400000.0,105.94539590092286,76.93363481286877,2020-03-05,18326.0,4915
1600000.0,400000.0,104.03624346792648,75.1898122307519,2020-03-05,18326.0,1032
-2200000.0,600000.0,-105.25511870305779,69.46566514284893,2020-03-05,18326.0,1901
-2000000.0,600000.0,-106.69924423399362,71.21490181341639,2020-03-05,18326.0,3079
-1800000.0,600000.0,-108.43494882292202,72.94495644858142,2020-03-05,18326.0,6004
-1600000.0,600000.0,-110.55604521958347,74.65156473683712,2020-03-05,18326.0,6701
-1400000.0,600000.0,-113.1985905136482,76.32815281340307,2020-03-05,18326.0,9411
-1200000.0,600000.0,-116.56505117707799,77.96436180211718,2020-03-05,18326.0,25556
-1000000.0,600000.0,-120.96375653207352,79.54339018880059,2020-03-05,18326.0,57681
-800000.0,600000.0,-126.86989764584402,81.03709620810902,2020-03-05,18326.0,65518
-600000.0,600000.0,-135.0,82.397073069655,2020-03-05,18326.0,54866
-400000.0,600000.0,-146.30993247402023,83.54017881952873,2020-03-05,18326.0,35513
-200000.0,600000.0,-161.565051177078,84.33511094211977,2020-03-05,18326.0,26614
0.0,600000.0,180.0,84.62605109816462,2020-03-05,18326.0,24191
200000.0,600000.0,161.565051177078,84.33511094211977,2020-03-05,18326.0,20179
400000.0,600000.0,146.30993247402023,83.54017881952873,2020-03-05,18326.0,24007
600000.0,600000.0,135.0,82.397073069655,2020-03-05,18326.0,42197
800000.0,600000.0,126.86989764584402,81.03709620810902,2020-03-05,18326.0,55692
1000000.0,600000.0,120.96375653207352,79.54339018880059,2020-03-05,18326.0,48643
1200000.0,600000.0,116.56505117707799,77.96436180211718,2020-03-05,18326.0,20843
1400000.0,600000.0,113.1985905136482,76.32815281340307,2020-03-05,18326.0,4435
-2000000.0,800000.0,-111.80140948635182,70.61502206702765,2020-03-05,18326.0,1228
-1800000.0,800000.0,-113.96248897457819,72.28859019771264,2020-03-05,18326.0,3380
-1600000.0,800000.0,-116.56505117707799,73.92751631849924,2020-03-05,18326.0,4925
-1400000.0,800000.0,-119.74488129694222,75.52212302086315,2020-03-05,18326.0,10231
-1200000.0,800000.0,-123.69006752597979,77.05806334840771,2020-03-05,18326.0,23325
-1000000.0,800000.0,-128.6598082540901,78.51376036973971,2020-03-05,18326.0,45564
-800000.0,800000.0,-135.0,79.85649537502296,2020-03-05,18326.0,64986
-600000.0,800000.0,-143.13010235415598,81.03709620810902,2020-03-05,18326.0,59555
-400000.0,800000.0,-153.434948822922,81.98510420485553,2020-03-05,18326.0,48952
-200000.0,800000.0,-165.96375653207352,82.61160901024734,2020-03-05,18326.0,40277
0.0,800000.0,180.0,82.83252397586953,2020-03-05,18326.0,37409
200000.0,800000.0,165.96375653207352,82.61160901024734,2020-03-05,18326.0,38373
400000.0,800000.0,153.434948822922,81.98510420485553,2020-03-05,18326.0,42306
600000.0,800000.0,143.13010235415598,81.03709620810902,2020-03-05,18326.0,53628
800000.0,800000.0,135.0,79.85649537502296,2020-03-05,18326.0,57564
1000000.0,800000.0,128.6598082540901,78.51376036973971,2020-03-05,18326.0,39801
1200000.0,800000.0,123.69006752597979,77.05806334840771,2020-03-05,18326.0,14595
1400000.0,800000.0,119.74488129694222,75.52212302086315,2020-03-05,18326.0,4318
1600000.0,800000.0,116.56505117707799,73.92751631849924,2020-03-05,18326.0,1516
-2000000.0,1000000.0,-116.56505117707799,69.86894542225777,2020-03-05,18326.0,2085
-1800000.0,1000000.0,-119.05460409907714,71.47770177062357,2020-03-05,18326.0,3695
-1600000.0,1000000.0,-122.0053832080835,73.04072783724196,2020-03-05,18326.0,9409
-1400000.0,1000000.0,-125.53767779197437,74.54610847993946,2020-03-05,18326.0,12879
-1200000.0,1000000.0,-129.8055710922652,75.97716069048091,2020-03-05,18326.0,22799
-1000000.0,1000000.0,-135.0,77.31051225902662,2020-03-05,18326.0,31289
-800000.0,1000000.0,-141.34019174590992,78.51376036973971,2020-03-05,18326.0,44548
-600000.0,1000000.0,-149.03624346792648,79.54339018880059,2020-03-05,18326.0,55468
-400000.0,1000000.0,-158.19859051364818,80.34495146707818,2020-03-05,18326.0,56208
-200000.0,1000000.0,-168.6900675259798,80.85919208300484,2020-03-05,18326.0,54707
0.0,1000000.0,180.0,81.03709620810902,2020-03-05,18326.0,52200
200000.0,1000000.0,168.6900675259798,80.85919208300484,2020-03-05,18326.0,50307
400000.0,1000000.0,158.19859051364818,80.34495146707818,2020-03-05,18326.0,50646
600000.0,1000000.0,149.03624346792648,79.54339018880059,2020-03-05,18326.0,51182
800000.0,1000000.0,141.34019174590992,78.51376036973971,2020-03-05,18326.0,36452
1000000.0,1000000.0,135.0,77.31051225902662,2020-03-05,18326.0,21530
1200000.0,1000000.0,129.8055710922652,75.97716069048091,2020-03-05,18326.0,9617
1400000.0,1000000.0,125.53767779197437,74.54610847993946,2020-03-05,18326.0,5622
1600000.0,1000000.0,122.0053832080835,73.04072783724196,2020-03-05,18326.0,1992
-2000000.0,1200000.0,-120.96375653207352,68.99148024388145,2020-03-05,18326.0,2724
-1800000.0,1200000.0,-123.6900675259798,70.53077330955618,2020-03-05,18326.0,5957
-1600000.0,1200000.0,-126.86989764584402,72.01437798526035,2020-03-05,18326.0,10436
-1400000.0,1200000.0,-130.6012946450045,73.42917183935587,2020-03-05,18326.0,14400
-1200000.0,1200000.0,-135.0,74.7577315870858,2020-03-05,18326.0,18329
-1000000.0,1200000.0,-140.19442890773482,75.97716069048091,2020-03-05,18326.0,22045
-800000.0,1200000.0,-146.30993247402023,77.05806334840771,2020-03-05,18326.0,24704
-600000.0,1200000.0,-153.434948822922,77.96436180211718,2020-03-05,18326.0,32004
-400000.0,1200000.0,-161.565051177078,78.65520333101239,2020-03-05,18326.0,43201
-200000.0,1200000.0,-170.53767779197437,79.09037227849467,2020-03-05,18326.0,51166
0.0,1200000.0,180.0,79.23928552188053,2020-03-05,18326.0,49972
200000.0,1200000.0,170.53767779197437,79.09037227849467,2020-03-05,18326.0,47025
400000.0,1200000.0,161.565051177078,78.65520333101239,2020-03-05,18326.0,39112
600000.0,1200000.0,153.434948822922,77.96436180211718,2020-03-05,18326.0,26764
800000.0,1200000.0,146.30993247402023,77.05806334840771,2020-03-05,18326.0,15585
1000000.0,1200000.0,140.19442890773482,75.97716069048091,2020-03-05,18326.0,10220
1200000.0,1200000.0,135.0,74.7577315870858,2020-03-05,18326.0,7570
1400000.0,1200000.0,130.6012946450045,73.42917183935587,2020-03-05,18326.0,7008
1600000.0,1200000.0,126.86989764584402,72.01437798526035,2020-03-05,18326.0,3511
-1800000.0,1400000.0,-127.87498365109822,69.46566514284893,2020-03-05,18326.0,5191
-1600000.0,1400000.0,-131.18592516570965,70.86990209365354,2020-03-05,18326.0,9299
-1400000.0,1400000.0,-135.0,72.19673326890187,2020-03-05,18326.0,13846
-1200000.0,1400000.0,-139.3987053549955,73.42917183935587,2020-03-05,18326.0,14435
-1000000.0,1400000.0,-144.46232220802563,74.54610847993946,2020-03-05,18326.0,16276
-800000.0,1400000.0,-150.25511870305778,75.52212302086315,2020-03-05,18326.0,16282
-600000.0,1400000.0,-156.80140948635182,76.32815281340307,2020-03-05,18326.0,17900
-400000.0,1400000.0,-164.05460409907712,76.93363481286877,2020-03-05,18326.0,22759
-200000.0,1400000.0,-171.86989764584402,77.31051225902662,2020-03-05,18326.0,26732
0.0,1400000.0,180.0,77.43860483666694,2020-03-05,18326.0,31415
200000.0,1400000.0,171.86989764584402,77.31051225902662,2020-03-05,18326.0,30123
400000.0,1400000.0,164.05460409907712,76.93363481286877,2020-03-05,18326.0,25800
600000.0,1400000.0,156.80140948635182,76.32815281340307,2020-03-05,18326.0,16318
800000.0,1400000.0,150.25511870305778,75.52212302086315,2020-03-05,18326.0,8558
1000000.0,1400000.0,144.46232220802563,74.54610847993946,2020-03-05,18326.0,5912
1200000.0,1400000.0,139.3987053549955,73.42917183935587,2020-03-05,18326.0,7259
1400000.0,1400000.0,135.0,72.19673326890187,2020-03-05,18326.0,5136
1600000.0,1400000.0,131.18592516570965,70.86990209365354,2020-03-05,18326.0,1943
-1800000.0,1600000.0,-131.63353933657018,68.29869930652082,2020-03-05,18326.0,1667
-1600000.0,1600000.0,-135.0,69.62606287258215,2020-03-05,18326.0,5151
-1400000.0,1600000.0,-138.81407483429035,70.86990209365354,2020-03-05,18326.0,8732
-1200000.0,1600000.0,-143.13010235415598,72.01437798526035,2020-03-05,18326.0,11421
-1000000.0,1600000.0,-147.9946167919165,73.04072783724196,2020-03-05,18326.0,13976
-800000.0,1600000.0,-153.434948822922,73.92751631849924,2020-03-05,18326.0,13012
-600000.0,1600000.0,-159.44395478041653,74.65156473683712,2020-03-05,18326.0,12220
-400000.0,1600000.0,-165.96375653207352,75.1898122307519,2020-03-05,18326.0,12774
-200000.0,1600000.0,-172.8749836510982,75.52212302086315,2020-03-05,18326.0,18604
0.0,1600000.0,180.0,75.6345612354388,2020-03-05,18326.0,24529
200000.0,1600000.0,172.8749836510982,75.52212302086315,2020-03-05,18326.0,25895
400000.0,1600000.0,165.96375653207352,75.1898122307519,2020-03-05,18326.0,22253
600000.0,1600000.0,159.44395478041653,74.65156473683712,2020-03-05,18326.0,15462
800000.0,1600000.0,153.434948822922,73.92751631849924,2020-03-05,18326.0,10833
1000000.0,1600000.0,147.9946167919165,73.04072783724196,2020-03-05,18326.0,6420
1200000.0,1600000.0,143.13010235415598,72.01437798526035,2020-03-05,18326.0,3987
1400000.0,1600000.0,138.81407483429035,70.86990209365354,2020-03-05,18326.0,1399
-1600000.0,1800000.0,-138.3664606634298,68.29869930652082,2020-03-05,18326.0,1738
-1400000.0,1800000.0,-142.12501634890182,69.46566514284893,2020-03-05,18326.0,3589
-1200000.0,1800000.0,-146.30993247402023,70.53077330955618,2020-03-05,18326.0,6725
-1000000.0,1800000.0,-150.94539590092285,71.47770177062357,2020-03-05,18326.0,8824
-800000.0,1800000.0,-156.03751102542182,72.28859019771264,2020-03-05,18326.0,9276
-600000.0,1800000.0,-161.565051177078,72.94495644858142,2020-03-05,18326.0,8583
-400000.0,1800000.0,-167.47119229084848,73.42917183935587,2020-03-05,18326.0,8174
-200000.0,1800000.0,-173.6598082540901,73.72640073397518,2020-03-05,18326.0,14642
0.0,1800000.0,180.0,73.82665489745003,2020-03-05,18326.0,20135
200000.0,1800000.0,173.6598082540901,73.72640073397518,2020-03-05,18326.0,24305
400000.0,1800000.0,167.47119229084848,73.42917183935587,2020-03-05,18326.0,20275
600000.0,1800000.0,161.565051177078,72.94495644858142,2020-03-05,18326.0,14942
800000.0,1800000.0,156.03751102542182,72.28859019771264,2020-03-05,18326.0,8794
1000000.0,1800000.0,150.94539590092285,71.47770177062357,2020-03-05,18326.0,5486
1200000.0,1800000.0,146.30993247402023,70.53077330955618,2020-03-05,18326.0,1304
-1200000.0,2000000.0,-149.03624346792648,68.99148024388145,2020-03-05,18326.0,1584
-1000000.0,2000000.0,-153.434948822922,69.86894542225777,2020-03-05,18326.0,3314
-800000.0,2000000.0,-158.19859051364818,70.61502206702765,2020-03-05,18326.0,4200
-600000.0,2000000.0,-163.30075576600638,71.21490181341639,2020-03-05,18326.0,4951
-400000.0,2000000.0,-168.6900675259798,71.65491318614758,2020-03-05,18326.0,6572
-200000.0,2000000.0,-174.28940686250036,71.92386591281547,2020-03-05,18326.0,10742
0.0,2000000.0,180.0,72.01437798526035,2020-03-05,18326.0,15808
200000.0,2000000.0,174.28940686250036,71.92386591281547,2020-03-05,18326.0,16826
400000.0,2000000.0,168.6900675259798,71.65491318614758,2020-03-05,18326.0,13747
600000.0,2000000.0,163.30075576600638,71.21490181341639,2020-03-05,18326.0,9481
800000.0,2000000.0,158.19859051364818,70.61502206702765,2020-03-05,18326.0,5597
1000000.0,2000000.0,153.434948822922,69.86894542225777,2020-03-05,18326.0,2268
-800000.0,2200000.0,-160.0168934781,68.9134369074772,2020-03-05,18326.0,1556
-600000.0,2200000.0,-164.74488129694222,69.46566514284893,2020-03-05,18326.0,3149
-400000.0,2200000.0,-169.69515353123398,69.86894542225778,2020-03-05,18326.0,5483
-200000.0,2200000.0,-174.8055710922652,70.11466068315791,2020-03-05,18326.0,7396
0.0,2200000.0,180.0,70.19721347781848,2020-03-05,18326.0,8494
200000.0,2200000.0,174.8055710922652,70.11466068315791,2020-03-05,18326.0,8144
400000.0,2200000.0,169.69515353123398,69.86894542225778,2020-03-05,18326.0,6395
600000.0,2200000.0,164.74488129694222,69.46566514284893,2020-03-05,18326.0,3655
800000.0,2200000.0,160.0168934781,68.9134369074772,2020-03-05,18326.0,1066
-800000.0,2400000.0,-161.565051177078,67.18842560705599,2020-03-05,18326.0,1366
-600000.0,2400000.0,-165.96375653207352,67.70004806623305,2020-03-05,18326.0,2739
-400000.0,2400000.0,-170.53767779197437,68.07239165044936,2020-03-05,18326.0,3941
-200000.0,2400000.0,-175.2363583092738,68.29869930652082,2020-03-05,18326.0,3946
0.0,2400000.0,180.0,68.37463394072095,2020-03-05,18326.0,3326
200000.0,2400000.0,175.2363583092738,68.29869930652082,2020-03-05,18326.0,2049
400000.0,2400000.0,170.53767779197437,68.07239165044936,2020-03-05,18326.0,1080
-600000.0,2600000.0,-167.0053832080835,65.91989288480002,2020-03-05,18326.0,1687
-400000.0,2600000.0,-171.2538377374448,66.26587277224371,2020-03-05,18326.0,2162
-200000.0,2600000.0,-175.6012946450045,66.4757495709774,2020-03-05,18326.0,1305
